{"users":[{"username":"alonzem","password":"121212","highestScore":215},{"username":"ravivtri","password":"545454","highestScore":200},{"username":"afeksur","password":"33333","highestScore":400},{"username":"aaaaa","password":"1231","highestScore":800},{"username":"levav","password":"12345","highestScore":700},{"username":"aaaa","password":"1234","highestScore":500},{"username":"1234","password":"4455","highestScore":233},{"username":"123456","password":"11111","highestScore":560},{"username":"Mordo","password":"1234","highestScore":730},{"username":"tttttttt","password":"888888","highestScore":0},{"username":"6333","password":"666rr","highestScore":0},{"username":"4567","password":"88888","highestScore":0},{"username":"admin","password":"1234","highestScore":485},{"username":"CMShalom","password":"4321","highestScore":0},{"username":"1234556","password":"9999","highestScore":0},{"username":"8888123456","password":"4444","highestScore":0},{"username":"oooooooo","password":"oooooo","highestScore":0},{"username":"111111111","password":"11111111","highestScore":0},{"username":"55555555","password":"5555555","highestScore":0},{"username":"afek","password":"123456","highestScore":0},{"username":"afeks","password":"123456","highestScore":185},{"username":"Afek1","password":"1234","highestScore":0},{"username":"eliav","password":"1234","highestScore":0}]}